file,group1
cardiosplt1_95_cardiotestmarkers,cardio
cardiosplt2_95_cardiotestmarkers,cardio
cardiosplt3_95_cardiotestmarkers,cardio
hon_cerebellum_cardiotestmarkers,plasma
hon_colon_cardiotestmarkers,plasma
hon_intestine_cardiotestmarkers,plasma
hon_kidney_cardiotestmarkers,plasma
mCD19B__cardiotestmarkers,plasma
mCD4T__cardiotestmarkers,plasma
mCD8T__cardiotestmarkers,plasma
mGr1Neut__cardiotestmarkers,plasma
mouse_bcell_rep1_cardiotestmarkers,plasma
mouse_bcell_rep2_cardiotestmarkers,plasma
mouse_bcell_rep3_cardiotestmarkers,plasma
mouse_cerebellum_rep2_cardiotestmarkers,plasma
mouse_cerebellum_rep3_cardiotestmarkers,plasma
mouse_cerebellum_rep4_cardiotestmarkers,plasma
mouse_endothelial_merge1_cardiotestmarkers,plasma
mouse_endothelial_merge2_cardiotestmarkers,plasma
mouse_endothelial_merge3_cardiotestmarkers,plasma
mouse_hepatocyte_rep1_cardiotestmarkers,plasma
mouse_hepatocyte_rep2_cardiotestmarkers,plasma
mouse_hepatocyte_rep3_cardiotestmarkers,plasma
mouse_hypothalamus_rep1_cardiotestmarkers,plasma
mouse_hypothalamus_rep2_cardiotestmarkers,plasma
mouse_hypothalamus_rep3_cardiotestmarkers,plasma
mouse_kidney_rep1__cardiotestmarkers,plasma
mouse_kidney_rep2__cardiotestmarkers,plasma
mouse_kidney_rep3__cardiotestmarkers,plasma
mouse_kidney_rep4__cardiotestmarkers,plasma
mouse_LymphN_Tcon_A_cardiotestmarkers,plasma
mouse_LymphN_Tcon_B_cardiotestmarkers,plasma
mouse_LymphN_Tcon_C_cardiotestmarkers,plasma
mouse_LymphN_Treg_A_cardiotestmarkers,plasma
mouse_LymphN_Treg_B_cardiotestmarkers,plasma
mouse_LymphN_Treg_C_cardiotestmarkers,plasma
mouse_mammary_basal_cardiotestmarkers,plasma
mouse_mammary_luminal_alveolar_cardiotestmarkers,plasma
mouse_mammary_luminal_ductal_cardiotestmarkers,plasma
mouse_smallintestine_rep1_encode_cardiotestmarkers,plasma
mouse_smallintestine_rep2_encode_cardiotestmarkers,plasma
mouse_smallintestine_rep3_encode_cardiotestmarkers,plasma
mouse_smallintestine_rep4_encode_cardiotestmarkers,plasma
